{"R1": {"R2": 0.2}, "R2": {"R1": 0.2, "R3": 0.2, "R4": 0.14285714285714285, "R5": 0.125, "Out": 0.03333333333333333}, "R3": {"R1": 0.2, "Out": 0.2}, "R4": {"R2": 0.14285714285714285}, "R5": {"R2": 0.125, "Out": 0.125}, "Out": {"R2": 0.03333333333333333, "R3": 0.2, "R5": 0.125}}