{"1": {"2": 0.2}, "2": {"1": 0.2, "3": 0.2, "4": 0.14285714285714285, "5": 0.125, "0": 0.03333333333333333}, "3": {"1": 0.2, "0": 0.2}, "4": {"2": 0.14285714285714285}, "5": {"2": 0.125, "0": 0.125}, "0": {"2": 0.03333333333333333, "3": 0.2, "5": 0.125}}