{"0": {"2": 0.05, "3": 0.2, "5": 0.1, "10": 0.02}, "1": {"2": 0.2}, "2": {"0": 0.05, "1": 0.2, "3": 0.2, "7": 0.06666666666666667}, "3": {"0": 0.2, "2": 0.2, "4": 0.2}, "4": {"3": 0.2, "5": 0.1, "7": 0.06666666666666667}, "5": {"4": 0.1, "6": 0.1}, "6": {"5": 0.1}, "7": {"2": 0.06666666666666667, "4": 0.06666666666666667, "10": 0.06666666666666667}, "8": {"9": 0.2}, "9": {"8": 0.2, "10": 0.1}, "10": {"0": 0.02, "7": 0.06666666666666667, "9": 0.1}}