{
  "5": {
    "1": 0.03333333333333333,
    "2": 0.2,
    "4": 0.125
  },
  "0": {
    "1": 0.2
  },
  "1": {
    "5": 0.03333333333333333,
    "0": 0.2,
    "2": 0.2,
    "3": 0.14285714285714285,
    "4": 0.125
  },
  "2": {
    "5": 0.2,
    "0": 0.2
  },
  "3": {
    "1": 0.14285714285714285
  },
  "4": {
    "5": 0.125,
    "1": 0.125
  }
}